Workbook

Sheet תמונת מצב
A2: ניהול משימות הרובוט
A3: יעד: תנועה בטוחה בקומה, כניסה לחדר, תפיסת קופסה משולחן והעברתה לחדר אחר.
A6: תתי־משימות | B6: הושלמו | C6: חסומות | D6: באיחור | F6: אחוז המשימות שהושלמו
A7: =COUNTIFS(משימות!$C$7:$C$106,"<>") -> 15 | B7: =COUNTIFS(משימות!$C$7:$C$106,"<>",משימות!$E$7:$E$106,"הושלם") -> 4 | C7: =COUNTIFS(משימות!$C$7:$C$106,"<>",משימות!$E$7:$E$106,"חסום") -> 1 | D7: =COUNTIFS(משימות!$C$7:$C$106,"<>",משימות!$F$7:$F$106,">0",משימות!$F$7:$F$106,"<"&TODAY(),משימות!$E$7:$E$106,"<>הושלם") -> 0 | F7: =IF(A7=0,"",B7/A7) -> 0.26666667
A10: תחום עבודה | B10: צוות לפי ההודעה | C10: מצב התחום | D10: תתי־משימות | E10: הושלמו | F10: ללא סטטוס | G10: ללא אחראי | H10: הערות
A11: זיהוי ותפיסה | B11: שירה, מקסים, ליאור | C11: בעבודה | D11: =COUNTIFS(משימות!$B$7:$B$106,A11,משימות!$C$7:$C$106,"<>") -> 3 | E11: =COUNTIFS(משימות!$B$7:$B$106,A11,משימות!$E$7:$E$106,"הושלם") -> 1 | F11: =D11-COUNTIFS(משימות!$B$7:$B$106,A11,משימות!$C$7:$C$106,"<>",משימות!$E$7:$E$106,"טרם התחיל")-COUNTIFS(משימות!$B$7:$B$106,A11,משימות!$C$7:$C$106,"<>",משימות!$E$7:$E$106,"בעבודה")-COUNTIFS(משימות!$B$7:$B$106,A11,משימות!$C$7:$C$106,"<>",משימות!$E$7:$E$106,"ממתין")-COUNTIFS(משימות!$B$7:$B$106,A11,משימות!$C$7:$C$106,"<>",משימות!$E$7:$E$106,"חסום")-COUNTIFS(משימות!$B$7:$B$106,A11,משימות!$C$7:$C$106,"<>",משימות!$E$7:$E$106,"הושלם") -> 1 | G11: =D11-COUNTIFS(משימות!$B$7:$B$106,A11,משימות!$C$7:$C$106,"<>",משימות!$D$7:$D$106,"<>",משימות!$D$7:$D$106,"<>טרם נקבע") -> 1
A12: לוקאליזציה במרחב | B12: איתי, דויד, דניאל | C12: בעבודה | D12: =COUNTIFS(משימות!$B$7:$B$106,A12,משימות!$C$7:$C$106,"<>") -> 3 | E12: =COUNTIFS(משימות!$B$7:$B$106,A12,משימות!$E$7:$E$106,"הושלם") -> 1 | F12: =D12-COUNTIFS(משימות!$B$7:$B$106,A12,משימות!$C$7:$C$106,"<>",משימות!$E$7:$E$106,"טרם התחיל")-COUNTIFS(משימות!$B$7:$B$106,A12,משימות!$C$7:$C$106,"<>",משימות!$E$7:$E$106,"בעבודה")-COUNTIFS(משימות!$B$7:$B$106,A12,משימות!$C$7:$C$106,"<>",משימות!$E$7:$E$106,"ממתין")-COUNTIFS(משימות!$B$7:$B$106,A12,משימות!$C$7:$C$106,"<>",משימות!$E$7:$E$106,"חסום")-COUNTIFS(משימות!$B$7:$B$106,A12,משימות!$C$7:$C$106,"<>",משימות!$E$7:$E$106,"הושלם") -> 1 | G12: =D12-COUNTIFS(משימות!$B$7:$B$106,A12,משימות!$C$7:$C$106,"<>",משימות!$D$7:$D$106,"<>",משימות!$D$7:$D$106,"<>טרם נקבע") -> 1
A13: ניווט לוקאלי | B13: פנחס, יהונתן, אליאס | C13: בעבודה | D13: =COUNTIFS(משימות!$B$7:$B$106,A13,משימות!$C$7:$C$106,"<>") -> 7 | E13: =COUNTIFS(משימות!$B$7:$B$106,A13,משימות!$E$7:$E$106,"הושלם") -> 2 | F13: =D13-COUNTIFS(משימות!$B$7:$B$106,A13,משימות!$C$7:$C$106,"<>",משימות!$E$7:$E$106,"טרם התחיל")-COUNTIFS(משימות!$B$7:$B$106,A13,משימות!$C$7:$C$106,"<>",משימות!$E$7:$E$106,"בעבודה")-COUNTIFS(משימות!$B$7:$B$106,A13,משימות!$C$7:$C$106,"<>",משימות!$E$7:$E$106,"ממתין")-COUNTIFS(משימות!$B$7:$B$106,A13,משימות!$C$7:$C$106,"<>",משימות!$E$7:$E$106,"חסום")-COUNTIFS(משימות!$B$7:$B$106,A13,משימות!$C$7:$C$106,"<>",משימות!$E$7:$E$106,"הושלם") -> 3 | G13: =D13-COUNTIFS(משימות!$B$7:$B$106,A13,משימות!$C$7:$C$106,"<>",משימות!$D$7:$D$106,"<>",משימות!$D$7:$D$106,"<>טרם נקבע") -> 0
A14: אינטגרציה והדגמה | B14: טרם נקבע | C14: מוצע | D14: =COUNTIFS(משימות!$B$7:$B$106,A14,משימות!$C$7:$C$106,"<>") -> 2 | E14: =COUNTIFS(משימות!$B$7:$B$106,A14,משימות!$E$7:$E$106,"הושלם") -> 0 | F14: =D14-COUNTIFS(משימות!$B$7:$B$106,A14,משימות!$C$7:$C$106,"<>",משימות!$E$7:$E$106,"טרם התחיל")-COUNTIFS(משימות!$B$7:$B$106,A14,משימות!$C$7:$C$106,"<>",משימות!$E$7:$E$106,"בעבודה")-COUNTIFS(משימות!$B$7:$B$106,A14,משימות!$C$7:$C$106,"<>",משימות!$E$7:$E$106,"ממתין")-COUNTIFS(משימות!$B$7:$B$106,A14,משימות!$C$7:$C$106,"<>",משימות!$E$7:$E$106,"חסום")-COUNTIFS(משימות!$B$7:$B$106,A14,משימות!$C$7:$C$106,"<>",משימות!$E$7:$E$106,"הושלם") -> 2 | G14: =D14-COUNTIFS(משימות!$B$7:$B$106,A14,משימות!$C$7:$C$106,"<>",משימות!$D$7:$D$106,"<>",משימות!$D$7:$D$106,"<>טרם נקבע") -> 0
A17: שם | B17: תפקיד / מסלול לימודים | C17: היקף עבודה
A18: שירה | B18: תלמיד תיכון | C18: 0.5
A19: מקסים | B19: תלמיד תיכון | C19: 0.5
A20: ליאור | B20: תלמיד תיכון | C20: 0.5
A21: איתי | B21: תלמיד תיכון | C21: 0.5
A22: דויד | B22: תלמיד תיכון | C22: 0.5
A23: דניאל | B23: תלמיד תיכון | C23: 0.5
A24: פנחס | B24: סטודנט לתואר שני | C24: 1
A25: יהונתן | B25: תלמיד תיכון | C25: 0.5
A26: אליאס | B26: דוקטורנט | C26: 0.25
A27: שיקר | B27: פוסטדוק
A30: נקודות להשלמה
A31: אובייקט היעד: במשימת העל צוינה קופסה, ובתחום התפיסה צוינה בובה. נדרש לחדד אם מדובר בשני שלבים.
A32: אחריות: הצוותים משויכים לתחומים. יש לבחור אחראי לכל תת־משימה ולהוסיף שותפים לפי הצורך.
A33: תכנון: יש לעדכן סטטוס ומועד יעד. שורות המסומנות ״פירוק מוצע״ הן הצעה ולא משימות שאושרו.
A34: עדכון: בגיליון ״משימות״ יש רשימות בחירה וסינון בכותרות. תאריכים מזינים כתאריך Excel רגיל.
A35: הוספת תת־משימה: מלאו שורה פנויה בסוף התחום בגיליון ״משימות״. יש לבחור אחראי וסטטוס.
A36: כל תחום מסומן בצבע ובקו הפרדה. שורות נוספות זמינות עד שורה 106; בחרו תחום וסננו לפי הצורך.
A37: מדד ההשלמה מבוסס על מספר תתי־המשימות שסומנו ״הושלם״, ללא שקלול היקף העבודה.

Sheet משימות
A2: משימות ותתי־משימות
A3: להוספת תת־משימה: מלאו אחת משתי השורות הפנויות בסוף התחום. שם התחום כבר מוגדר, והסיכום יתעדכן אוטומטית.
A4: למשימות נוספות: השתמשו בשורה פנויה בהמשך הטבלה ובחרו תחום מהרשימה. אפשר לסנן לפי תחום כדי לראות את כולן יחד.
A6: מזהה | B6: משימה ראשית | C6: תת־משימה | D6: אחראי | E6: סטטוס | F6: מועד יעד | G6: תוצר צפוי | H6: תלות במשימה | I6: בסיס המשימה | J6: הערות
A7: T01 | B7: זיהוי ותפיסה | C7: זיהוי בובה | D7: שירה | E7: הושלם | G7: זיהוי האובייקט המיועד לתפיסה | I7: נמסר | J7: יש לחדד את הקשר בין בובה לקופסה
A8: T02 | B8: זיהוי ותפיסה | C8: תפיסת בובה מעל שולחן | D8: מקסים | E8: בעבודה | F8: 46328 | G8: תפיסה של האובייקט שזוהה | H8: T01 | I8: נמסר
A9: T03 | B9: זיהוי ותפיסה | C9: הכוונת הניווט לעמדת תפיסה | D9: טרם נקבע | E9: לא דווח | F9: 46346 | G9: הכוונה לשולחן ולמיקום מתאים לתפיסה | H9: T01 | I9: נמסר כעתידי | J9: כולל תיאום מול צוות הניווט
B10: זיהוי ותפיסה | J10: שורה להוספת תת־משימה: מלאו שם, אחראי וסטטוס
B11: זיהוי ותפיסה | J11: שורה להוספת תת־משימה: מלאו שם, אחראי וסטטוס
A12: T04 | B12: לוקאליזציה במרחב | C12: לוקאליזציה בקומה באמצעות Wi-Fi | D12: איתי | E12: הושלם | G12: מיקום הרובוט במרחב באמצעות נתוני Wi-Fi | I12: נמסר | J12: מבוסס כיום על שלושה נתבים לכל הקומה
A13: T05 | B13: לוקאליזציה במרחב | C13: הרחבה למספר רב של נתבי Wi-Fi | D13: איתי | E13: חסום | F13: 46340 | G13: לוקאליזציה באמצעות מספר רב של נתבים במקום שלושה לכל הקומה | H13: T04 | I13: נמסר | J13: לא נמצא עדיין מיאפה ךקנות את האוטרים
A14: T12 | B14: לוקאליזציה במרחב | C14: לוקאליזציה באמצעות לידאר | D14: טרם נקבע | E14: לא דווח | G14: אמידת מיקום הרובוט באמצעות לידאר | I14: נמסר
B15: לוקאליזציה במרחב | J15: שורה להוספת תת־משימה: מלאו שם, אחראי וסטטוס
B16: לוקאליזציה במרחב | J16: שורה להוספת תת־משימה: מלאו שם, אחראי וסטטוס
A17: T06 | B17: ניווט לוקאלי | C17: תנועה ללא התנגשויות | D17: אליאס | E17: בעבודה | F17: 46340 | G17: ניווט מקומי בטוח במסלול הניסוי | I17: נמסר
A18: T07 | B18: ניווט לוקאלי | C18: הגעה לחדר היעד | D18: פנחס | E18: טרם התחיל | F18: 46340 | G18: הגעה לחדר שנבחר תוך הימנעות ממכשולים | H18: T04, T06 | I18: נמסר | J18: התלויות הן הצעה לתיאום
A19: T08 | B19: ניווט לוקאלי | C19: התקרבות לשולחן לצורך תפיסה | D19: שירה ו פנחס | E19: לא דווח | F19: 46346 | G19: עצירה בעמדה מתאימה מול השולחן | H19: T03, T06 | I19: פירוק מוצע | J19: תיאום עם צוות הזיהוי והתפיסה
A20: T11 | B20: ניווט לוקאלי | C20: שילוב מצלמת המובייל במקום רכיב הזיכרון | D20: פנחס | E20: לא דווח | F20: 46328 | G20: שילוב מצלמת המובייל בניווט המקומי כתחליף לרכיב הזיכרון | I20: נמסר
A21: T13 | B21: ניווט לוקאלי | C21: פיתוח יישום ניווט מבוסס ראייה, גמיש ומודולרי | D21: אליאס | E21: הושלם | G21: יישום ניווט מבוסס ראייה עם רכיבים מודולריים הניתנים להחלפה | I21: נמסר
A22: T14 | B22: ניווט לוקאלי | C22: פיתוח יישום להפעלת הרובוט ולהתחברות אליו | D22: פנחס | E22: הושלם | G22: יישום להפעלת הרובוט וליצירת חיבור אליו | I22: נמסר
A23: T15 | B23: ניווט לוקאלי | C23: הוספת אפשרות להימנעות ממכשולים באמצעות לידאר | D23: שיקר | E23: לא דווח | G23: אפשרות לשימוש בלידאר לצורך הימנעות ממכשולים | I23: נמסר
B24: ניווט לוקאלי | J24: שורה להוספת תת־משימה: מלאו שם, אחראי וסטטוס
B25: ניווט לוקאלי | J25: שורה להוספת תת־משימה: מלאו שם, אחראי וסטטוס
A26: T09 | B26: אינטגרציה והדגמה | C26: העברת הקופסה והנחתה בחדר אחר | D26: אליאס | E26: לא דווח | G26: העברה והנחה של הקופסה בחדר היעד | H26: T02, T07, T08 | I26: נמסר כיעד | J26: שיוך התחום מוצע. יש לחדד תפיסת קופסה מול בובה
A27: T10 | B27: אינטגרציה והדגמה | C27: ניסוי משולב מקצה לקצה | D27: פנחס | E27: לא דווח | G27: הדגמת הרצף המלא של ניווט, תפיסה, העברה והנחה | H27: T09 | I27: פירוק מוצע | J27: לקבוע תנאי הצלחה ומועד יחד עם הצוותים
B28: אינטגרציה והדגמה | J28: שורה להוספת תת־משימה: מלאו שם, אחראי וסטטוס
B29: אינטגרציה והדגמה | J29: שורה להוספת תת־משימה: מלאו שם, אחראי וסטטוס
